messages,label
thank applying weve received application review soon youll hear us shortly best luck,0
application successfully submitted team review credentials contact shortlisted thank,0
weve received job application hiring team reviewing reach next steps youre selected,0
thank applying application review touch shortlisted,0
application received appreciate interest reviewing details contact soon,0
thanks application weve received submission reviewing well get touch make shortlist,0
received application hiring team currently reviewing notify move forward process,0
thank application review qualifications contact decide move forward candidacy,0
application received team review details get touch next steps shortlisted,0
appreciate interest joining us application received review well contact shortlisted,0
thank applying received application currently reviewing contact updates,0
application system review qualifications contact decide move forward thank,0
weve received application team currently reviewing contact selected interview,0
thank application review reach shortlisted,0
successfully received application team reviewing get back shortlisted,0
thank applying received application currently reviewing touch selected,0
application received review contact decide move forward thank applying,0
weve received application hiring team reviewing contact next steps shortlisted,0
thank submitting application reviewing credentials contact move forward process,0
application successfully received team review reach shortlisted,0
thank interest company received application reviewing shortly,0
weve received application team reviewing qualifications contact shortlisted,0
thank applying application review contact decide move forward candidacy,0
application received team review contact next steps shortlisted thank,0
thank submitting application review credentials get back selected interview,0
weve received application team reviewing touch shortlisted position,0
application received appreciate interest contact move forward hiring process,0
thank application review reach selected interview,0
successfully received application hiring team review contact shortlisted,0
thank applying received application currently reviewing contact move forward,0
application received team review reach shortlisted thank interest,0
weve received application hiring team reviewing contact next steps shortlisted,0
thank application reviewing credentials touch decide move forward,0
application successfully received team review contact shortlisted thank,0
thank applying application review contact decide move forward candidacy,0
application received review contact next steps shortlisted,0
received application currently reviewing thank applying touch shortlisted,0
thank submitting application review qualifications contact selected interview,0
weve received application team reviewing touch shortlisted position,0
application received appreciate interest contact move forward hiring process,0
thank application review reach selected interview,0
successfully received application hiring team review contact shortlisted,0
thank applying received application currently reviewing contact move forward,0
application received team review reach shortlisted thank interest,0
weve received application hiring team reviewing contact next steps shortlisted,0
thank application reviewing credentials touch decide move forward,0
application successfully received team review contact shortlisted thank,0
thank applying application review contact decide move forward candidacy,0
application received review contact next steps shortlisted,0
received application currently reviewing thank applying touch shortlisted,0
thank submitting application review qualifications contact selected interview,0
weve received application team reviewing touch shortlisted position,0
application received appreciate interest contact move forward hiring process,0
thank application review reach selected interview,0
successfully received application hiring team review contact shortlisted,0
thank applying received application currently reviewing contact move forward,0
application received team review reach shortlisted thank interest,0
weve received application hiring team reviewing contact next steps shortlisted,0
thank application reviewing credentials touch decide move forward,0
application successfully received team review contact shortlisted thank,0
thank applying application review contact decide move forward candidacy,0
application received review contact next steps shortlisted,0
received application currently reviewing thank applying touch shortlisted,0
thank submitting application review qualifications contact selected interview,0
weve received application team reviewing touch shortlisted position,0
application received appreciate interest contact move forward hiring process,0
thank application review reach selected interview,0
successfully received application hiring team review contact shortlisted,0
thank applying received application currently reviewing contact move forward,0
application received team review reach shortlisted thank interest,0
weve received application hiring team reviewing contact next steps shortlisted,0
thank application reviewing credentials touch decide move forward,0
application successfully received team review contact shortlisted thank,0
thank applying application review contact decide move forward candidacy,0
application received review contact next steps shortlisted,0
received application currently reviewing thank applying touch shortlisted,0
thank submitting application review qualifications contact selected interview,0
weve received application team reviewing touch shortlisted position,0
application received appreciate interest contact move forward hiring process,0
thank application review,0
next step assessmentwe appreciate interest kindly complete assessment sent advance selection process,1
complete assessmentyour application progressing please complete assessment move next recruitment phase,1
assessment requiredto proceed please complete assessment provided look forward participation,1
invitation assessmentthank applying complete assessment continue next step hiring process,1
assessment neededplease find assessment attached complete move forward recruitment process,1
action required assessmentwe received application please complete assessment advance next stage,1
proceed assessmentto proceed application please complete attached assessment,1
assessment processplease complete assessment continue application,1
next step complete assessmentcomplete attached assessment move next stage hiring process,1
complete assessmentplease complete assessment attached continue hiring process,1
application update assessmentto proceed please complete attached assessment,1
assessment invitationwe need complete assessment move forward application,1
assessment next stageplease complete assessment proceed next stage recruitment process,1
next step assessmentcomplete attached assessment move forward application,1
assessment needed proceedto advance process please complete attached assessment,1
next phase assessmentcomplete assessment proceed next phase hiring process,1
assessment taskplease complete assessment move next recruitment step,1
step forward assessmentcomplete attached assessment continue application,1
important assessment requiredyour application needs assessment proceed please complete earliest convenience,1
assessment required proceedplease complete attached assessment advance hiring process,1
assessment progressionto proceed please complete assessment provided,1
next step complete assessmentcomplete assessment advance next stage selection process,1
action needed assessmentwe require complete attached assessment continue application,1
assessment phaseplease complete assessment proceed application,1
assessment stepcomplete attached assessment move forward recruitment process,1
next step complete assessmentplease complete assessment advance next stage hiring process,1
assessment requirementto move forward please complete attached assessment,1
proceed application assessmentcomplete attached assessment proceed next recruitment step,1
assessment needed continueto proceed please complete attached assessment,1
assessment requestplease complete attached assessment advance hiring process,1
application next stepscomplete assessment move next stage recruitment process,1
assessment advancementto advance please complete attached assessment,1
proceed assessment taskplease complete attached assessment move forward application,1
complete assessment proceedto proceed please complete attached assessment,1
next recruitment step assessmentcomplete assessment advance next recruitment phase,1
assessment task requiredplease complete assessment continue application,1
assessment next stageto move forward complete attached assessment,1
action required complete assessmentto proceed please complete attached assessment,1
next step assessment taskcomplete assessment advance next stage process,1
assessment invitationplease complete attached assessment move forward hiring process,1
assessment required progressionto proceed complete attached assessment,1
assessment needed next stepplease complete attached assessment move forward application,1
next step complete assessmentplease complete assessment advance next recruitment stage,1
important complete assessmentto proceed please complete attached assessment,1
assessment required continueplease complete assessment advance hiring process,1
next phase complete assessmentcomplete attached assessment move forward recruitment process,1
assessment requestplease complete attached assessment continue application,1
next step assessment taskto proceed complete attached assessment,1
proceed assessmentplease complete assessment advance next stage,1
complete assessmentcomplete attached assessment move next phase recruitment,1
next stage assessment neededplease complete attached assessment advance hiring process,1
action required assessment taskto proceed complete attached assessment,1
assessment invitationplease complete attached assessment move forward process,1
assessment needed proceedcomplete attached assessment continue application,1
complete assessment proceedplease complete assessment advance next stage,1
next step assessment requiredto move forward complete attached assessment,1
important complete assessmentplease complete attached assessment proceed hiring process,1
assessment needed next phasecomplete assessment advance next recruitment stage,1
assessment requiredplease complete attached assessment move forward process,1
assessment invitationcomplete assessment advance next stage recruitment process,1
next step complete assessmentto proceed please complete attached assessment,1
important assessment taskcomplete attached assessment advance process,1
next recruitment phase assessmentplease complete assessment proceed,1
complete assessment proceedto move forward please complete attached assessment,1
assessment required next stagecomplete attached assessment continue application,1
proceed assessment taskplease complete assessment move next phase process,1
complete assessmentcomplete attached assessment advance next recruitment stage,1
next step assessment neededplease complete assessment move forward process,1
important assessment requiredto proceed please complete attached assessment,1
assessment next phaseplease complete assessment advance recruitment process,1
next stage complete assessmentcomplete attached assessment proceed application,1
assessment requestplease complete assessment move next phase process,1
proceed assessmentcomplete attached assessment continue application,1
complete assessment proceedto move forward please complete attached assessment,1
assessment required progressionplease complete attached assessment advance next recruitment stage,1
next step assessment taskcomplete attached assessment proceed hiring process,1
action needed complete assessmentto proceed please complete attached assessment,1
assessment required next stepcomplete assessment advance process,1
next phase complete assessmentplease complete assessment proceed,1
assessment needed continuecomplete attached assessment move forward application,1
important complete assessmentto proceed please complete attached assessment,1
assessment requiredcomplete attached assessment advance next stage,1
next step assessment neededplease complete assessment proceed application,1
proceed assessment taskcomplete attached assessment move forward process,1
assessment next stageplease complete assessment advance hiring process,1
complete assessment proceedto proceed please complete attached assessment,1
assessment required next phasecomplete attached assessment move next recruitment stage,1
next stage assessment taskplease complete assessment continue application,1
important complete assessmentto proceed please complete attached assessment,1
next step assessment requiredcomplete attached assessment advance process,1
assessment needed progressionplease complete assessment proceed application,1
next phase complete assessmentcomplete attached assessment advance next stage,1
assessment task requiredplease complete assessment move forward process,1
action needed assessmentcomplete attached assessment proceed hiring process,1
next step complete assessmentplease complete assessment continue application,1
interview scheduledwe scheduled interview please check email details look forward speaking,2
interview appointmentyour interview scheduled please review details sent email excited meet,2
interview confirmationwe pleased confirm interview please check email details,2
upcoming interviewyour interview set please refer email date time details look forward discussion,2
interview date setyour interview scheduled please see email details look forward meeting,2
interview time confirmedyour interview scheduled check email details looking forward speaking,2
interview scheduled notificationwe scheduled interview please review email specifics look forward participation,2
interview confirmation detailsyour interview scheduled please see email details look forward meeting,2
interview scheduledwe scheduled interview please check email details prepare accordingly,2
interview arrangementyour interview arranged please refer email scheduled time details,2
interview appointment confirmedyour interview scheduled please see email details look forward meeting,2
interview date confirmedyour interview set please check email details look forward conversation,2
scheduled interview detailsyour interview scheduled please review email information look forward speaking,2
interview setwe scheduled interview please refer email details look forward meeting,2
interview scheduled noticeyour interview scheduled please check email details,2
confirmation interviewyour interview confirmed please review email details prepare accordingly,2
interview date timeyour interview scheduled check email date time look forward meeting,2
upcoming interview noticeyour interview scheduled please see email specifics,2
interview scheduled confirmationwe scheduled interview please check email details,2
interview date set noticeyour interview scheduled please refer email details,2
interview arrangement noticeyour interview arranged please see email specifics,2
confirmation interview scheduledyour interview confirmed check email details,2
interview time setyour interview scheduled please check email time details,2
interview set confirmationyour interview scheduled please see email information,2
interview appointment setyour interview scheduled please refer email details,2
scheduled interview noticeyour interview set check email details,2
interview confirmation noticeyour interview scheduled please review email details,2
interview date time setyour interview scheduled please see email date time,2
interview date confirmationyour interview set please check email details,2
scheduled interview confirmationyour interview confirmed please see email details,2
interview scheduled detailsyour interview scheduled please review email specifics,2
interview arrangement confirmationyour interview arranged check email details,2
interview time scheduledyour interview set please refer email scheduled time,2
interview appointment noticeyour interview scheduled please see email details,2
confirmation scheduled interviewyour interview confirmed please check email specifics,2
interview date notificationyour interview scheduled please review email details,2
interview arrangement detailsyour interview set check email information,2
interview confirmation detailsyour interview scheduled please see email details,2
interview time notificationyour interview confirmed please refer email time specifics,2
scheduled interview timeyour interview scheduled please check email time details,2
interview date set noticeyour interview arranged please review email specifics,2
interview appointment confirmedyour interview scheduled check email details,2
interview confirmation emailyour interview confirmed please see email details,2
scheduled interview appointmentyour interview scheduled please refer email information,2
interview date set confirmationyour interview scheduled check email details,2
interview arrangement confirmedyour interview arranged please review email specifics,2
interview confirmation noticeyour interview scheduled please check email details,2
interview notificationyour interview scheduled please see email information,2
scheduled interview setyour interview set please refer email details,2
interview arrangement noticeyour interview scheduled check email specifics,2
confirmation interview scheduleyour interview scheduled please review email details,2
scheduled interview notificationyour interview confirmed please check email details,2
interview arrangement detailsyour interview set refer email specifics,2
interview time set noticeyour interview scheduled please review email details,2
scheduled interview emailyour interview set please check email information,2
interview time confirmationyour interview scheduled please see email details,2
interview confirmation noticeyour interview scheduled please check email specifics,2
scheduled interview dateyour interview set please refer email details,2
interview time arrangementyour interview scheduled check email details,2
interview date confirmedyour interview scheduled please review email specifics,2
interview time setyour interview confirmed check email details,2
interview scheduled emailyour interview scheduled please see email information,2
interview date noticeyour interview set please refer email details,2
interview time confirmationyour interview scheduled check email details,2
scheduled interview confirmationyour interview set please see email information,2
interview date scheduledyour interview scheduled please check email details,2
interview confirmation noticeyour interview set refer email specifics,2
scheduled interview noticeyour interview scheduled please review email details,2
interview time arrangementyour interview confirmed check email information,2
interview date emailyour interview scheduled please see email details,2
scheduled interview timeyour interview confirmed please check email specifics,2
interview date confirmationyour interview scheduled refer email details,2
interview confirmation emailyour interview set please review email information,2
scheduled interview emailyour interview confirmed check email details,2
interview date scheduledyour interview set refer email specifics,2
interview confirmation detailsyour interview scheduled check email details,2
interview scheduled dateyour interview set please review email information,2
interview date noticeyour interview confirmed please check email details,2
scheduled interview confirmationyour interview scheduled refer email specifics,2
interview date notificationyour interview set please check email information,2
interview confirmationyour interview scheduled review email details,2
interview scheduled emailyour interview set check email specifics,2
interview date setyour interview confirmed please review email details,2
scheduled interview detailsyour interview scheduled refer email information,2
interview date arrangementyour interview set check email details,2
interview confirmationyour interview scheduled review email specifics,2
scheduled interview confirmationyour interview set check email details,2
interview date scheduledyour interview scheduled review email information,2
interview confirmation noticeyour interview set please check email specifics,2
interview notificationyour interview confirmed refer email details,2
scheduled interviewyour interview scheduled check email information,2
interview date confirmationyour interview set review email specifics,2
thank applying careful consideration chosen move forward candidates time,3
thank interest decided proceed applicants wish best job search,3
reviewing application selected candidates position thank time effort,3
appreciate application unfortunately chosen move forward candidates stage,3
thank interviewing us decided pursue applicants role,3
application impressive selected another candidate position best luck job search,3
careful review regret inform moved forward candidates,3
thank application decided go candidates closely match needs,3
unfortunately selected candidates position wish success job hunt,3
appreciate interest chosen move forward applicants time,3
thank considering us decided proceed different candidates role,3
careful consideration regret inform selected candidates,3
thank interest company moved forward candidates position,3
appreciate time effort chosen candidates role,3
application strong selected another candidate best luck job search,3
reviewing application decided proceed candidates,3
thank applying chosen move forward applicants time,3
unfortunately decided move forward candidates position,3
thank interest decided pursue candidates role,3
careful consideration selected another candidate position appreciate interest,3
thank application chosen proceed candidates time,3
appreciate interest selected applicants role,3
careful review chosen move forward different candidates best luck,3
thank interest company selected candidates position,3
regret inform chosen move forward applicants,3
thank applying decided proceed candidates role,3
reviewing application chosen move forward different candidates,3
thank considering us selected candidates position,3
appreciate interest chosen move forward candidates stage,3
thank application regret inform selected another candidate,3
careful consideration chosen pursue candidates role,3
application impressive selected another candidate best luck,3
appreciate interest unfortunately decided move forward candidates,3
thank application chosen proceed candidates time,3
regret inform selected candidates role,3
thank interest chosen move forward applicants position,3
careful review decided proceed candidates,3
appreciate time effort unfortunately selected candidates,3
thank applying chosen move forward different candidates role,3
careful consideration regret inform selected another candidate,3
thank interest company chosen proceed candidates,3
appreciate application selected candidates position,3
reviewing application chosen pursue candidates,3
thank interest decided move forward applicants role,3
appreciate time effort chosen move forward candidates,3
thank considering us selected different candidates position,3
application strong chosen another candidate best luck,3
careful review decided pursue candidates role,3
appreciate interest selected candidates position,3
thank application chosen move forward candidates,3
unfortunately chosen proceed candidates role,3
thank interest decided pursue candidates position,3
careful consideration selected candidates role,3
appreciate interest chosen move forward different candidates,3
thank application decided proceed candidates,3
regret inform selected applicants position,3
reviewing application chosen pursue candidates,3
thank interest selected candidates role,3
appreciate time effort chosen move forward different candidates,3
thank considering us selected candidates role,3
careful review decided move forward candidates,3
appreciate interest company chosen candidates position,3
thank applying chosen proceed candidates role,3
unfortunately selected candidates position,3
thank interest decided move forward different candidates,3
careful consideration regret inform selected candidates,3
appreciate application chosen proceed candidates role,3
thank interest company selected candidates,3
regret inform chosen pursue candidates position,3
reviewing application chosen move forward candidates,3
thank time effort unfortunately selected candidates,3
thank applying chosen move forward candidates position,3
appreciate interest chosen proceed candidates,3
careful review regret inform selected candidates,3
thank considering us decided pursue candidates role,3
application impressive chosen another candidate best luck,3
reviewing application chosen pursue candidates,3
appreciate interest unfortunately selected candidates,3
thank application decided move forward candidates,3
unfortunately chosen pursue candidates role,3
thank interest company selected candidates,3
careful consideration chosen move forward applicants,3
appreciate application selected different candidates role,3
thank interest decided pursue candidates position,3
reviewing application chosen move forward candidates,3
thank applying chosen proceed candidates role,3
regret inform selected candidates,3
thank time effort unfortunately chosen candidates,3
appreciate interest decided pursue candidates role,3
thank considering us chosen move forward different candidates,3
careful review decided proceed candidates position,3
appreciate application selected candidates,3
thank interest chosen move forward applicants,3
careful consideration decided pursue candidates role,3
appreciate interest unfortunately chosen move forward candidates,3
thank time effort selected candidates position,3
thank applying chosen move forward candidates time,3
regret inform selected candidates role,3
reviewing application chosen pursue different candidates,3
